Item Id,Item Name,Product Category,Tax Code,Tax Code Description,Confidence
a156g0000032J4aAAE,Individual Education Subscription,Education Subscription,ST087650,Training / Webinar / SaaS Platform / Subscription / No download,high
a156g0000032LDeAAM,ECCHO - Full Member Dues (Prorated for Goldman Sachs),Membership Dues,OD020500,"Dues (Social, Fraternal, non-entertainment)",high
a156g0000032MCNAA2,ECCHO Associate Member Quarterly Dues ($20B up to $60B deposit tier),Membership Dues,OD020500,"Dues (Social, Fraternal, non-entertainment)",high
a156g0000032PS8AAM,ECCHO Participating Member Dues (Prorated for TCF Acquisition),Membership Dues,OD020500,"Dues (Social, Fraternal, non-entertainment)",high
a156g0000032k2gAAA,Recording: All You Wanted To Know About Check Adjustments,Webinar/Webcast (Pre-recorded),ST087640,"Training / Webinar Only / SaaS Platform / Pre-recorded, Non-Subscription",high
a156g0000035yhPAAQ,ECCHO - Associate Membership,Membership Dues,OD020500,"Dues (Social, Fraternal, non-entertainment)",high
a156g0000035yhRAAQ,ECCHO - Placeholder Associate Membership Item,Membership Dues,OD020500,"Dues (Social, Fraternal, non-entertainment)",high
a156g0000035yhSAAQ,ECCHO - Placeholder Participating Membership,Membership Dues,OD020500,"Dues (Social, Fraternal, non-entertainment)",high
a156g0000035yhkAAA,What do I do when: Indorsement Claims,Online Training,ST087634,Online Training,high
a156g0000035yhpAAA,What do I do when: RDC Indemnity 101,Online Training,ST087634,Online Training,high
a156g0000035yhqAAA,What do I do when: Unauthorized Remotely Created Check (URCC),Online Training,ST087634,Online Training,high
a156g0000035yhzAAA,All About Check: Check Basics: What Every Banker Should Know,Online Training,ST087634,Online Training,high
a156g0000035yi4AAA,NCP Exam Rollover Fee (early),Exam/Certification Fee,ST080010,Online Skill Assessments,high
a156g0000035yi5AAA,NCP Exam Rollover Fee (late),Exam/Certification Fee,ST080010,Online Skill Assessments,high
a156g0000035yi6AAA,NCP 10th Anniversary Paper Weight,Merchandise/Tangible Goods,P0000000,Tangible Personal Property (TPP),high
a156g0000035yi7AAA,NCP 10th Anniversary Umbrella,Merchandise/Tangible Goods,P0000000,Tangible Personal Property (TPP),high
a156g0000035yiAAAQ,NCP Leather Cord Keeper,Merchandise/Tangible Goods,P0000000,Tangible Personal Property (TPP),high
a156g0000035yiBAAQ,All About Check: Check Scanning: Branch and Teller Capture,Online Training,ST087634,Online Training,high
a156g0000035yiFAAQ,NCP Exam Rollover Fee (repeat),Exam/Certification Fee,ST080010,Online Skill Assessments,high
a156g0000035yiHAAQ,NCP Sports Bag,Merchandise/Tangible Goods,P0000000,Tangible Personal Property (TPP),high
a156g0000035yiIAAQ,All About Check: Uniform Commercial Code: Articles 3 & 4,Online Training,ST087634,Online Training,high
a156g0000035yiKAAQ,All About Check: Where is the Rule Book?,Online Training,ST087634,Online Training,high
a156g0000035yiPAAQ,Recording: #UCC - Today's Trending Topics,Webinar/Webcast (Pre-recorded),ST087640,"Training / Webinar Only / SaaS Platform / Pre-recorded, Non-Subscription",high
a156g0000035yiRAAQ,Recording: Check Pain Points,Webinar/Webcast (Pre-recorded),ST087640,"Training / Webinar Only / SaaS Platform / Pre-recorded, Non-Subscription",high
a156g0000035yiSAAQ,Corporate Education Subscription,Education Subscription,ST087650,Training / Webinar / SaaS Platform / Subscription / No download,high
a156g0000035yiaAAA,NCP Session Application Fee,Training/Workshop,ST080000,Training and Seminar,high
a156g0000035yjOAAQ,NCP Exam 2025,Exam/Certification Fee,ST080010,Online Skill Assessments,high
a156g0000035yktAAA,ECCHO - Full Member Dues,Membership Dues,OD020500,"Dues (Social, Fraternal, non-entertainment)",high
a156g0000035ylBAAQ,ECCHO - Participating Member Dues,Membership Dues,OD020500,"Dues (Social, Fraternal, non-entertainment)",high
a156g0000035ylSAAQ,ECCHO - Sponsored Member Dues,Membership Dues,OD020500,"Dues (Social, Fraternal, non-entertainment)",high
a156g000004HXbIAAW,NCP Power Bank,Merchandise/Tangible Goods,P0000000,Tangible Personal Property (TPP),high
a156g000004HbNyAAK,NCP Golf Hat,Merchandise - Clothing,PC040100,Clothing And Related Products (Business-To-Customer)-general,high
a156g000004HlxDAAS,Discount,Discount,OD010000,Discounts,high
a156g000004Hly1AAC,Check Adjustments Insights into Investigation Types (ITYPs),Online Training,ST087634,Online Training,high
a156g000004Hly6AAC,Principles and Concepts of Image Cash Letters and Electronic Check Adjustments,Online Training,ST087634,Online Training,high
a156g000004HsNaAAK,Recording: Float in Today's Payments Industry,Webinar/Webcast (Pre-recorded),ST087640,"Training / Webinar Only / SaaS Platform / Pre-recorded, Non-Subscription",high
a156g000004HwkbAAC,Recording: All About ECI's,Webinar/Webcast (Pre-recorded),ST087640,"Training / Webinar Only / SaaS Platform / Pre-recorded, Non-Subscription",high
a156g000004SxZnAAK,5 for 4 NCP Workshop Bundle,Training/Workshop,ST080000,Training and Seminar,high
a156g000004Sz51AAC,ECCHO Participating Member Join Fee (Reduced),Membership Dues,OD020500,"Dues (Social, Fraternal, non-entertainment)",high
a156g000004T0krAAC,ECCHO Full Member Dues,Membership Dues,OD020500,"Dues (Social, Fraternal, non-entertainment)",high
a156g000004T3suAAC,NCP Exam Bundle - 3 for 2 (ECCHO Member Rate),Exam/Certification Fee,ST080010,Online Skill Assessments,high
a156g000004T4cqAAC,Recording: HIDC Scenarios: Dup vs RDC,Webinar/Webcast (Pre-recorded),ST087640,"Training / Webinar Only / SaaS Platform / Pre-recorded, Non-Subscription",high
a156g000004T5cmAAC,2022 Prorated PM Dues (Central Bank MO),Membership Dues,OD020500,"Dues (Social, Fraternal, non-entertainment)",high
a156g000004T9qHAAS,NCP Partnership - Silver Level,Sponsorship,SA030000,Advertising Services - No Transfer of TPP,high
a156g000004T9qRAAS,NCP Partnership - Gold Level,Sponsorship,SA030000,Advertising Services - No Transfer of TPP,high
a156g000004T9qbAAC,NCP Partnership - Diamond Level,Sponsorship,SA030000,Advertising Services - No Transfer of TPP,high
a156g000004T9qqAAC,ECCHO Rules Book - Printed Advertisement,Book/Manual,PB100000,Books / Manuals,high
a156g000004TLVaAAO,Recording: Learning to Navigate the FFIEC,Webinar/Webcast (Pre-recorded),ST087640,"Training / Webinar Only / SaaS Platform / Pre-recorded, Non-Subscription",high
a156g000004TNTlAAO,(A) ECCHO Reception,Meal/Food Event,SF096370,Catering Services,high
a156g000004TNU5AAO,(B) ECCHO Operations Committee Meeting,Conference/Event Registration,OA020500,Admissions / Events Other Than Entertainment or Amusement,high
a156g000004TNUeAAO,(C) ECCHO Roundtable,Conference/Event Registration,OA020500,Admissions / Events Other Than Entertainment or Amusement,high
a156g000004TZzzAAG,Recording: X9 Standards for Check Image Exchange,Webinar/Webcast (Pre-recorded),ST087640,"Training / Webinar Only / SaaS Platform / Pre-recorded, Non-Subscription",high
a156g000004Tx2MAAS,Recording: UCC Warranties from A to U,Webinar/Webcast (Pre-recorded),ST087640,"Training / Webinar Only / SaaS Platform / Pre-recorded, Non-Subscription",high
a156g000004aYYYAA2,ECCHO - Full Member Dues (Prorated for First Citizens Bank),Membership Dues,OD020500,"Dues (Social, Fraternal, non-entertainment)",high
a156g000004ahuOAAQ,NCP Exam Missed Proctor Appointment (In-Person),Exam/Certification Fee,ST080010,Online Skill Assessments,high
a156g000004ahunAAA,NCP Exam Missed Proctor Appointment (OnVue),Exam/Certification Fee,ST080010,Online Skill Assessments,high
a156g000004r8x8AAA,ECCHO Operations Meeting Sponsorship,Sponsorship,SA030000,Advertising Services - No Transfer of TPP,high
a156g000004rPkjAAE,Recording: Understanding Check Returns,Webinar/Webcast (Pre-recorded),ST087640,"Training / Webinar Only / SaaS Platform / Pre-recorded, Non-Subscription",high
a156g000004rPlwAAE,Recording: What Should I Do When,Webinar/Webcast (Pre-recorded),ST087640,"Training / Webinar Only / SaaS Platform / Pre-recorded, Non-Subscription",high
a156g0000055WeZAAU,Recording: UCC Basics,Webinar/Webcast (Pre-recorded),ST087640,"Training / Webinar Only / SaaS Platform / Pre-recorded, Non-Subscription",high
a156g0000055wdWAAQ,ECCHO Associate Member Quarterly Dues ($60B up to $100B deposit tier),Membership Dues,OD020500,"Dues (Social, Fraternal, non-entertainment)",high
a156g0000056t3RAAQ,ECCHO Participating Member Dues (Prorated for AA FCU),Membership Dues,OD020500,"Dues (Social, Fraternal, non-entertainment)",high
a156g00000572KTAAY,Check Adjustments Insights into Investigation Types (ITYPs),Online Training,ST087634,Online Training,high
a156g00000572KiAAI,Principles and Concepts of Image Cash Letters and Electronic Check Adjustments,Online Training,ST087634,Online Training,high
a156g0000057Zq8AAE,Recording: Canadian Cheques Processing & Clearing,Webinar/Webcast (Pre-recorded),ST087640,"Training / Webinar Only / SaaS Platform / Pre-recorded, Non-Subscription",high
a156g0000057ySjAAI,Recording: Duplicates and Impacts of Remote Deposit Capture,Webinar/Webcast (Pre-recorded),ST087640,"Training / Webinar Only / SaaS Platform / Pre-recorded, Non-Subscription",high
a15Vy0000001jHdIAI,2024 ECCHO Rules Book - Printed Advertisement,Book/Manual,PB100000,Books / Manuals,high
a15Vy0000001jMTIAY,2024 NCP Partnership - Platinum Level,Sponsorship,SA030000,Advertising Services - No Transfer of TPP,high
a15Vy000000AzAHIA0,NCP Exam Retest Fee (current year),Exam/Certification Fee,ST080010,Online Skill Assessments,high
a15Vy000000XQwbIAG,"ECCHO Participating Member Dues (Prorated for EverBank, NA)",Membership Dues,OD020500,"Dues (Social, Fraternal, non-entertainment)",high
a15Vy000000eBmLIAU,All About Check: Check Fraud & Risk Mitigation,Online Training,ST087634,Online Training,high
a15Vy000001cReZIAU,NCP Exam Practice Test,Exam/Certification Fee,ST080010,Online Skill Assessments,high
a15Vy000002IXQzIAO,Recording: Exploring the ECCHO Rules,Webinar/Webcast (Pre-recorded),ST087640,"Training / Webinar Only / SaaS Platform / Pre-recorded, Non-Subscription",high
a15Vy000003lAJxIAM,2025 NCP Editorial Board Kick-Off Meeting,Conference/Event Registration,OA020500,Admissions / Events Other Than Entertainment or Amusement,high
a15Vy0000055ryTIAQ,Spring 2025 ECCHO Operations Committee Meeting,Conference/Event Registration,OA020500,Admissions / Events Other Than Entertainment or Amusement,high
a15Vy0000055s05IAA,ECCHO Operations Committee Meeting,Conference/Event Registration,OA020500,Admissions / Events Other Than Entertainment or Amusement,high
a15Vy0000055s06IAA,ECCHO Roundtable Discussion,Conference/Event Registration,OA020500,Admissions / Events Other Than Entertainment or Amusement,high
a15Vy0000055s07IAA,Welcome Reception,Meal/Food Event,SF096370,Catering Services,high
a15Vy00000825VGIAY,ECCHO Business Committee Meeting,Conference/Event Registration,OA020500,Admissions / Events Other Than Entertainment or Amusement,high
a15Vy00000825VHIAY,ECCHO Business Committee Meeting (Virtual),Conference/Event Registration,OA020500,Admissions / Events Other Than Entertainment or Amusement,high
a15Vy00000825VIIAY,ECCHO/SVPCO Reception and Dinner,Meal/Food Event,SF096370,Catering Services,high
a15Vy00000825VJIAY,SVPCO Business Committee Meeting,Conference/Event Registration,OA020500,Admissions / Events Other Than Entertainment or Amusement,high
a15Vy00000825VKIAY,SVPCO Business Committee Meeting (Virtual),Conference/Event Registration,OA020500,Admissions / Events Other Than Entertainment or Amusement,high
a15Vy0000082LzpIAE,Q2 ECCHO Business Committee Meeting and/or Q2 SVCPO Business Committee Meeting,Conference/Event Registration,OA020500,Admissions / Events Other Than Entertainment or Amusement,high
a15Vy000008hkMMIAY,NCP Mouse Pad,Merchandise/Tangible Goods,P0000000,Tangible Personal Property (TPP),high
a15Vy000009X465IAC,2025 NCP Cut Score Meeting,Conference/Event Registration,OA020500,Admissions / Events Other Than Entertainment or Amusement,high
a15Vy000009X47hIAC,Day 1 Group Dinner,Meal/Food Event,SF096370,Catering Services,high
a15Vy000009X47iIAC,Day 1 Participation,Conference/Event Registration,OA020500,Admissions / Events Other Than Entertainment or Amusement,high
a15Vy000009X47jIAC,Day 2 Group Dinner,Meal/Food Event,SF096370,Catering Services,high
a15Vy000009X47kIAC,Day 2 Participation,Conference/Event Registration,OA020500,Admissions / Events Other Than Entertainment or Amusement,high
a15Vy000009X47lIAC,Day 3 Participation,Conference/Event Registration,OA020500,Admissions / Events Other Than Entertainment or Amusement,high
a15Vy000009ja2CIAQ,All About Check: Remotely Created Check,Online Training,ST087634,Online Training,high
a15Vy00000BKp9hIAD,"All About Check: Cashiers Checks - Lost, Stolen or Destroyed",Online Training,ST087634,Online Training,high
a15Vy00000DCKxxIAH,Recording: Combating Cashiers Check Fraud,Webinar/Webcast (Pre-recorded),ST087640,"Training / Webinar Only / SaaS Platform / Pre-recorded, Non-Subscription",high
a15Vy00000GgYiVIAV,"Recording: Warranties, Rules & Regulations for Check Fraud",Webinar/Webcast (Pre-recorded),ST087640,"Training / Webinar Only / SaaS Platform / Pre-recorded, Non-Subscription",high
a15Vy00000Gnff7IAB,Q4 ECCHO Business Committee Meeting and/or Q4 SVCPO Business Committee Meeting,Conference/Event Registration,OA020500,Admissions / Events Other Than Entertainment or Amusement,high
a15Vy00000GnfgjIAB,ECCHO Business Committee Meeting,Conference/Event Registration,OA020500,Admissions / Events Other Than Entertainment or Amusement,high
a15Vy00000GnfgkIAB,ECCHO Business Committee Meeting (Virtual),Conference/Event Registration,OA020500,Admissions / Events Other Than Entertainment or Amusement,high
a15Vy00000GnfglIAB,ECCHO/SVPCO Reception and Dinner,Meal/Food Event,SF096370,Catering Services,high
a15Vy00000GnfgmIAB,SVPCO Business Committee Meeting,Conference/Event Registration,OA020500,Admissions / Events Other Than Entertainment or Amusement,high
a15Vy00000GnfgnIAB,SVPCO Business Committee Meeting (Virtual),Conference/Event Registration,OA020500,Admissions / Events Other Than Entertainment or Amusement,high
a15Vy00000LHfNeIAL,Recording: The Reclamation Process with U.S. Treasury Checks,Webinar/Webcast (Pre-recorded),ST087640,"Training / Webinar Only / SaaS Platform / Pre-recorded, Non-Subscription",high
a15Vy00000NtykfIAB,2026 NCP Editorial Board Kick-Off Meeting,Conference/Event Registration,OA020500,Admissions / Events Other Than Entertainment or Amusement,high
a15Vy00000PJk8pIAD,Overview of Check Returns and Exception Handling,Online Training,ST087634,Online Training,high
a15Vy00000PK5efIAD,RDC Risk Management,Online Training,ST087634,Online Training,high
a15Vy00000QUNEjIAP,Spring 2026 ECCHO Operations Committee Meeting,Conference/Event Registration,OA020500,Admissions / Events Other Than Entertainment or Amusement,high
a15Vy00000QVsYDIA1,ECCHO Operations Committee Networking Reception,Meal/Food Event,SF096370,Catering Services,high
a15Vy00000QVt1FIAT,ECCHO Operations Committee Meeting,Conference/Event Registration,OA020500,Admissions / Events Other Than Entertainment or Amusement,high
a15Vy00000QVtvhIAD,ECCHO Operations Committee Roundtable,Conference/Event Registration,OA020500,Admissions / Events Other Than Entertainment or Amusement,high
a15Vy00000QWbdNIAT,Q4 ECCHO Business Committee Meeting and/or Q4 SVCPO Business Committee Meeting,Conference/Event Registration,OA020500,Admissions / Events Other Than Entertainment or Amusement,high
a15Vy00000QWluTIAT,Q2 2026 SVPCO Business Committee Meeting,Conference/Event Registration,OA020500,Admissions / Events Other Than Entertainment or Amusement,high
a15Vy00000QWm8zIAD,ECCHO/SVPCO Welcome Reception and Dinner,Meal/Food Event,SF096370,Catering Services,high
a15Vy00000QWms9IAD,Q2 2026 ECCHO Business Committee Meeting,Conference/Event Registration,OA020500,Admissions / Events Other Than Entertainment or Amusement,high
a15Vy00000QZAn7IAH,Q2 2026 SVPCO Business Committee Meeting (virtual),Conference/Event Registration,OA020500,Admissions / Events Other Than Entertainment or Amusement,high
a15Vy00000QZBODIA5,Q2 2026 ECCHO Business Committee Meeting (virtual),Conference/Event Registration,OA020500,Admissions / Events Other Than Entertainment or Amusement,high
a15Vy00000T0EgbIAF,2026 NCP Cut Score Meeting,Conference/Event Registration,OA020500,Admissions / Events Other Than Entertainment or Amusement,high
a15Vy00000T0QkzIAF,"Day 1; June 3, 2026",Conference/Event Registration,OA020500,Admissions / Events Other Than Entertainment or Amusement,high
a15Vy00000T0QzVIAV,"Day 1; June 3, 2026 Group Dinner",Meal/Food Event,SF096370,Catering Services,high
a15Vy00000T0RKTIA3,"Day 2; June 4, 2026",Conference/Event Registration,OA020500,Admissions / Events Other Than Entertainment or Amusement,high
a15Vy00000T0Rh3IAF,"Day 2; June 4, 2026 Group Dinner",Meal/Food Event,SF096370,Catering Services,high
a15Vy00000T0RqjIAF,"Day 3; June 5, 2026",Conference/Event Registration,OA020500,Admissions / Events Other Than Entertainment or Amusement,high
